005930,삼성전자
000660,SK하이닉스
035420,NAVER
051910,LG화학
005380,현대차
207940,삼성바이오로직스
006400,삼성SDI
035720,카카오
068270,셀트리온
000270,기아차
012330,현대모비스
005490,POSCO
066570,LG전자
051900,LG생활건강
028260,삼성물산
105560,KB금융
017670,SK텔레콤
036570,엔씨소프트
096770,SK이노베이션
055550,신한지주
034730,SK
015760,한국전력
032830,삼성생명
003550,LG
009150,삼성전기
018260,삼성에스디에스
090430,아모레퍼시픽
086790,하나금융지주
003670,포스코케미칼
033780,KT&G
011170,롯데케미칼
251270,넷마블
018880,한온시스템
010950,S-Oil
000810,삼성화재
009830,한화솔루션
326030,SK바이오팜
009540,한국조선해양
011200,HMM
352820,빅히트
034220,LG디스플레이
010130,고려아연
316140,우리금융지주
086280,현대글로비스
011780,금호석유
030200,KT
024110,기업은행
097950,CJ제일제당
006800,미래에셋대우
019170,신풍제약
004020,현대제철
035250,강원랜드
161390,한국타이어앤테크놀로지
032640,LG유플러스
271560,오리온
002790,아모레G
003490,대한항공
011070,LG이노텍
071050,한국금융지주
021240,코웨이
139480,이마트
000720,현대건설
006280,녹십자
034020,두산중공업
000100,유한양행
011790,SKC
267250,현대중공업지주
008930,한미사이언스
010140,삼성중공업
128940,한미약품
180640,한진칼
000120,CJ대한통운
029780,삼성카드
078930,GS
023530,롯데쇼핑
047810,한국항공우주
016360,삼성증권
003410,쌍용양회
026960,동서
241560,두산밥캣
006360,GS건설
008770,호텔신라
004990,롯데지주
285130,SK케미칼
028670,팬오션
336260,두산퓨얼셀
204320,만도
039490,키움증권
005940,NH투자증권
005830,DB손해보험
012750,에스원
036460,한국가스공사
008560,메리츠증권
020150,일진머티리얼즈
007070,GS리테일
282330,BGF리테일
047050,포스코인터내셔널
112610,씨에스윈드
042660,대우조선해양
010060,OCI
004170,신세계
001040,CJ
028050,삼성엔지니어링
088350,한화생명
000080,하이트진로
081660,휠라홀딩스
014680,한솔케미칼
000990,DB하이텍
047040,대우건설
030000,제일기획
010620,현대미포조선
009240,한샘
375500,DL이앤씨
011210,현대위아
064350,현대로템
272210,한화시스템
138930,BNK금융지주
000880,한화
007700,F&F
001450,현대해상
007310,오뚜기
006650,대한유화
012450,한화에어로스페이스
006260,LS
003090,대웅
069960,현대백화점
294870,HDC현대산업개발
111770,영원무역
017800,현대엘리베이
002380,KCC
010120,LS ELECTRIC
004800,효성
042670,두산인프라코어
005250,녹십자홀딩스
185750,종근당
004370,농심
000240,한국앤컴퍼니
010780,아이에스동서
003000,부광약품
120110,코오롱인더
069620,대웅제약
031430,신세계인터내셔날
001740,SK네트웍스
032350,롯데관광개발
004000,롯데정밀화학
000210,DL
016380,KG동부제철
051600,한전KPS
161890,한국콜마
013890,지누스
192820,코스맥스
014820,동원시스템즈
214320,이노션
009420,한올바이오파마
020560,아시아나항공
003850,보령제약
003520,영진약품
006120,SK디스커버리
004490,세방전지
073240,금호타이어
001120,LG상사
000670,영풍
005300,롯데칠성
192080,더블유게임즈
114090,GKL
001230,동국제강
005440,현대그린푸드
079160,CJ CGV
003240,태광산업
093370,후성
020000,한섬
241590,화승엔터프라이즈
192400,쿠쿠홀딩스
284740,쿠쿠홈시스
057050,현대홈쇼핑
069260,휴켐스
064960,SNT모티브
103140,풍산
001800,오리온홀딩스
071840,롯데하이마트
001680,대상
105630,한세실업
079550,LIG넥스원
052690,한전기술
000070,삼양홀딩스
000150,두산
115390,락앤락
049770,동원F&B
002350,넥센타이어
003230,삼양식품
108670,LG하우시스
007570,일양약품
012630,HDC
018250,애경산업
001060,JW중외제약
006390,한일현대시멘트
005610,SPC삼립
145990,삼양사
005180,빙그레
009410,태영건설
008350,남선알미늄
